device_id,mae,rmse,r2
SPS3.001,3.0831379690949188,6.208093282364447,0.7494401031448337
