{
  "holdout": {
    "mae": 8.303812637969095,
    "rmse": 12.281379331422215,
    "r2": 0.019405654400181382
  },
  "baseline": {
    "mae": 6.812251655629139,
    "rmse": 13.910461664107675,
    "r2": -0.2579928741365214
  },
  "cv": {
    "mae_mean": 7.310431875414186,
    "mae_std": 2.6967982745615116,
    "rmse_mean": 11.274970383874455,
    "rmse_std": 4.400469879373916,
    "r2_mean": -9.575436888560475,
    "r2_std": 18.401219405809176
  }
}