{
  "mae":1.2224163995,
  "rmse":2.3122870642,
  "r2":0.9154684645
}