mae,rmse,r2,device_id
0.46669750477870203,1.3302077101403282,0.2601957135003753,FieldLab.001
1.567729880302087,2.957371582859281,0.8871067602320271,AirQ.001
1.6328218134393981,2.350428720695845,0.9369653304139439,SPS3.001
